{"dataURL":"file:\/\/\/Users\/yuriynefedov\/Desktop\/houses\/learning\/","id":"87F05A79-0A0E-47BB-81E6-E1D27B4EDAA4","createdDate":"2022-05-28T20:27:11Z","title":"learning","modifiedDate":"2022-05-28T20:40:43Z","preferredFilename":"learning","version":"1.0","dataResult":{"dataURL":"file:\/\/\/Users\/yuriynefedov\/Desktop\/houses\/learning\/","createdDate":"2022-05-28T20:27:11Z","dataSourceID":"87F05A79-0A0E-47BB-81E6-E1D27B4EDAA4"},"activityEntities":["dataSourceTrainingStarted",[{"id":"24E4A920-C3DE-4989-BE67-5567836DB4AF","title":"Used By","createdDate":"2022-05-28T20:27:36Z","event":"dataSourceTrainingStarted","subtitle":"PlaneDetector"},{"id":"F2543B58-14D4-49AB-820F-F8928D9AFE7C","title":"Used By","createdDate":"2022-05-28T20:40:43Z","event":"dataSourceTrainingStarted","subtitle":"House Detector"}],"dataSourceCreated",[{"id":"BD008925-2D38-440A-9DE5-BAF7F1AAD242","title":"Data Source Created","createdDate":"2022-05-28T20:27:11Z","event":"dataSourceCreated","subtitle":"learning"}],"dataSourceMetrics",[{"id":"39DC1FD4-24AD-4B42-99C2-FBB8F4CDB456","title":"Data Summary","createdDate":"2022-05-28T20:27:36Z","event":"dataSourceMetrics","subtitle":"2 Classes, 60 Items"},{"id":"869A87CC-5718-4F7E-A871-57D6641F7082","title":"Data Summary","createdDate":"2022-05-28T20:40:43Z","event":"dataSourceMetrics","subtitle":"2 Classes, 60 Items"}]],"pathType":0,"experimentIDs":["084CD66A-3510-4C4B-B0ED-F473D13622B7","0444A210-F740-4E75-A327-F03CB9CA681C"]}