{"dataURL":"file:\/\/\/Users\/yuriynefedov\/Desktop\/ships\/training\/","id":"4152A7B2-F6D2-4ED7-BD00-3ED4FAE413B9","createdDate":"2022-05-13T17:04:31Z","title":"training","modifiedDate":"2022-05-28T20:32:32Z","preferredFilename":"training","version":"1.0","dataResult":{"itemsCount":1000,"createdDate":"2022-05-13T17:04:31Z","dataURL":"file:\/\/\/Users\/yuriynefedov\/Desktop\/ships\/training\/","dataSourceID":"4152A7B2-F6D2-4ED7-BD00-3ED4FAE413B9","classesCount":2,"analysis":{"summary":{"sampleCount":1000,"classCount":2,"canUseValidation":1},"issues":[{"description":"2 classes found, including ship, no-ship","severity":"debug"},{"description":"1000 images found, automatically creating validation set","severity":"good"},{"description":"Smallest class is \"no-ship\" with 500 images","severity":"debug"},{"description":"Largest class is \"ship\" with 500 images","severity":"debug"}],"classifierAnalysis":{"labelStats":{"no-ship":500,"ship":500}}}},"activityEntities":["dataSourceMetrics",[{"id":"C2812E8F-7F48-4A3A-9954-E08EC7F39C09","title":"Data Summary","createdDate":"2022-05-13T17:04:53Z","event":"dataSourceMetrics","subtitle":"2 Classes, 1 000 Items"},{"id":"A1FFA8E3-DA1A-4E80-BF37-7E832A78A192","title":"Data Summary","createdDate":"2022-05-13T17:06:49Z","event":"dataSourceMetrics","subtitle":"2 Classes, 1 000 Items"}],"dataSourceCreated",[{"id":"291563F5-25FC-4498-A067-BA55DD960DFF","title":"Data Source Created","createdDate":"2022-05-13T17:04:31Z","event":"dataSourceCreated","subtitle":"training"}],"dataSourceTrainingStarted",[{"id":"E691515B-D071-4548-938D-5C5B30C5B74C","title":"Used By","createdDate":"2022-05-13T17:04:53Z","event":"dataSourceTrainingStarted","subtitle":"ShipDetector 1"},{"id":"AB22EF00-420D-45BB-BC3A-8AEDCC49BD66","title":"Used By","createdDate":"2022-05-13T17:06:49Z","event":"dataSourceTrainingStarted","subtitle":"ShipDetector 1"}]],"pathType":0,"experimentIDs":["AEDF168D-F8CF-4353-B026-0483597D3C7F"]}