{"dataURL":"file:\/\/\/Users\/yuriynefedov\/Desktop\/ships\/training-grayscaled\/","id":"DEFCECED-32F9-4D56-BF1C-93F908F4B539","createdDate":"2022-05-13T18:08:01Z","title":"training-grayscaled","modifiedDate":"2022-05-13T18:08:27Z","preferredFilename":"training-grayscaled","version":"1.0","dataResult":{"dataURL":"file:\/\/\/Users\/yuriynefedov\/Desktop\/ships\/training-grayscaled\/","createdDate":"2022-05-13T18:08:01Z","dataSourceID":"DEFCECED-32F9-4D56-BF1C-93F908F4B539"},"activityEntities":["dataSourceTrainingStarted",[{"id":"46978A90-33A4-4C4D-896D-9459CDABC3D0","title":"Used By","createdDate":"2022-05-13T18:08:27Z","event":"dataSourceTrainingStarted","subtitle":"ShipDetector-Grayscaled"}],"dataSourceMetrics",[{"id":"212C111B-0EFE-4E90-A525-C9187E7A3793","title":"Data Summary","createdDate":"2022-05-13T18:08:27Z","event":"dataSourceMetrics","subtitle":"2 Classes, 1 000 Items"}],"dataSourceCreated",[{"id":"2C72C3E5-54BE-42D6-9A3B-4685D4FFEDFF","title":"Data Source Created","createdDate":"2022-05-13T18:08:01Z","event":"dataSourceCreated","subtitle":"training-grayscaled"}]],"pathType":0,"experimentIDs":["984B3789-4C18-4C94-8B43-11FC99D6DCFE"]}