{"id":"0444A210-F740-4E75-A327-F03CB9CA681C","validationEntity":{"analysedDataType":"auto","dataResult":{"createdDate":"2022-05-28T20:31:39Z"}},"modelEntity":{"createdDate":"2022-05-28T20:31:39Z","id":"2DAEDB27-3AC9-4509-BB80-A28B349C6BBF","experimentID":"0444A210-F740-4E75-A327-F03CB9CA681C","title":"","modifiedDate":"2022-05-28T20:31:39Z","preferredFilename":"","version":"1.0","modelURL":"Models\/House%20Detector.mlmodel"},"version":"1.0","settingEntity":{"taskType":"imageClassifier","augmentations":[],"styleTransferAlgorithmType":"image","iterationCount":25,"transferLearningEmbeddingType":"dynamic","harVideoAugmentations":0,"handPoseClassifierAugmentations":[],"algorithmType":"maxEnt","handActionClassifierAugmentations":[],"seedType":"default","featureNames":[]},"state":"trained","trainingEntity":{"finishTime":"2022-05-28T20:40:44Z","recipeTrainingResults":{"imageClassifier":{"confusionMatrix":[{"expected":"house","actual":"house","count":26},{"expected":"no-house","actual":"no-house","count":25}],"statsByLabel":{"no-house":{"count":25,"precisionRecall":{"success":{"recall":1,"precision":1}}},"house":{"count":26,"precisionRecall":{"success":{"recall":1,"precision":1}}}},"accuracy":1}},"dataResult":{"itemsCount":60,"createdDate":"2022-05-28T20:31:39Z","dataURL":"file:\/\/\/Users\/yuriynefedov\/Desktop\/houses\/learning\/","dataSourceID":"87F05A79-0A0E-47BB-81E6-E1D27B4EDAA4","classesCount":2,"analysis":{"summary":{"sampleCount":60,"classCount":2,"canUseValidation":1},"issues":[{"description":"2 classes found, including no-house, house","severity":"debug"},{"description":"60 images found, automatically creating validation set","severity":"good"},{"description":"Smallest class is \"house\" with 30 images","severity":"debug"},{"description":"Largest class is \"no-house\" with 30 images","severity":"debug"}],"classifierAnalysis":{"labelStats":{"no-house":30,"house":30}}}},"dataURL":"file:\/\/\/Users\/yuriynefedov\/Desktop\/houses\/learning\/","featureExtractionCheckpointMayBeAvailable":false,"recipeValidationResults":{"imageClassifier":{"confusionMatrix":[{"expected":"house","actual":"house","count":4},{"expected":"no-house","actual":"no-house","count":5}],"statsByLabel":{"no-house":{"count":5,"precisionRecall":{"success":{"recall":1,"precision":1}}},"house":{"count":4,"precisionRecall":{"success":{"recall":1,"precision":1}}}},"accuracy":1}},"progress":[{"currentRowIndex":0,"tableIndex":0,"count":0,"isLast":false,"percentComplete":0,"tableDone":false},{"icTrainingColumnHeader":{"hasValidation":true,"elapsedTime":0.022391000000000001,"trainingAccuracy":0.90196100000000001,"iterationCount":1,"validationAccuracy":0.88888900000000004},"isLast":false,"currentRowIndex":0,"count":1,"tableDone":false,"tableIndex":6,"percentComplete":0},{"icTrainingColumnHeader":{"hasValidation":true,"elapsedTime":0.043337000000000001,"trainingAccuracy":0.94117600000000001,"iterationCount":2,"validationAccuracy":1},"isLast":false,"currentRowIndex":0,"count":2,"tableDone":false,"tableIndex":6,"percentComplete":0},{"icTrainingColumnHeader":{"hasValidation":true,"elapsedTime":0.071930999999999995,"trainingAccuracy":0.96078399999999997,"iterationCount":3,"validationAccuracy":1},"isLast":false,"currentRowIndex":0,"count":3,"tableDone":false,"tableIndex":6,"percentComplete":0},{"icTrainingColumnHeader":{"hasValidation":true,"elapsedTime":0.094506000000000007,"trainingAccuracy":0.94117600000000001,"iterationCount":4,"validationAccuracy":0.88888900000000004},"isLast":false,"currentRowIndex":0,"count":4,"tableDone":false,"tableIndex":6,"percentComplete":0},{"icTrainingColumnHeader":{"hasValidation":true,"elapsedTime":0.13939799999999999,"trainingAccuracy":1,"iterationCount":5,"validationAccuracy":0.88888900000000004},"isLast":false,"currentRowIndex":0,"count":5,"tableDone":false,"tableIndex":6,"percentComplete":0},{"icTrainingColumnHeader":{"hasValidation":true,"elapsedTime":0.23688799999999999,"trainingAccuracy":1,"iterationCount":10,"validationAccuracy":1},"isLast":false,"currentRowIndex":0,"count":10,"tableDone":true,"tableIndex":6,"percentComplete":0},{"currentRowIndex":0,"tableIndex":0,"count":20,"isLast":false,"percentComplete":0,"tableDone":false},{"currentRowIndex":0,"tableIndex":0,"count":30,"isLast":false,"percentComplete":0,"tableDone":false},{"currentRowIndex":0,"tableIndex":0,"count":40,"isLast":false,"percentComplete":0,"tableDone":false},{"currentRowIndex":0,"tableIndex":0,"count":50,"isLast":false,"percentComplete":0,"tableDone":false},{"currentRowIndex":0,"tableIndex":0,"count":60,"isLast":false,"percentComplete":0,"tableDone":true}],"trainingAccuracy":1,"checkpointMetrics":{},"analysedDataType":"none","dataSourceID":"87F05A79-0A0E-47BB-81E6-E1D27B4EDAA4","snapshottableCheckpoints":{},"validationAccuracy":1,"startTime":"2022-05-28T20:40:43Z"},"createdDate":"2022-05-28T20:31:39Z","evaluationContainerEntity":{"testingEvaluationEntity":{"result":{"imageClassifier":{"statsByLabel":{"no-house":{"count":5,"precisionRecall":{"success":{"recall":1,"precision":1}}},"house":{"count":5,"precisionRecall":{"success":{"recall":1,"precision":1}}}},"accuracy":1}},"createdDate":"2022-05-28T20:40:14Z","id":"8becc14b-47ea-4e06-b34e-b2defbef42d6","dataURL":"file:\/\/\/Users\/yuriynefedov\/Desktop\/houses\/testing\/","dataSourceID":"630DF279-6735-4A21-A6F7-23088CD60327","dataResult":{"itemsCount":10,"createdDate":"2022-05-28T20:40:14Z","dataURL":"file:\/\/\/Users\/yuriynefedov\/Desktop\/houses\/testing\/","dataSourceID":"630DF279-6735-4A21-A6F7-23088CD60327","classesCount":2,"analysis":{"summary":{"sampleCount":10,"classCount":2,"canUseValidation":0},"issues":[{"description":"2 classes found, including house, no-house","severity":"debug"},{"description":"Less than 50 total images found - add more to improve model validation","severity":"warning"},{"description":"Smallest class is \"no-house\" with 5 images","severity":"debug"},{"description":"Largest class is \"house\" with 5 images","severity":"debug"}],"classifierAnalysis":{"labelStats":{"no-house":5,"house":5}}}},"analysedDataType":"none","accuracy":1,"startTime":"2022-05-28T20:40:46Z","finishTime":"2022-05-28T20:40:46Z"},"createdDate":"2022-05-28T20:40:46Z","id":"d71f9077-a3ee-4e04-9ee5-22e286ed7e64","trainingEvaluationEntity":{"result":{"imageClassifier":{"confusionMatrix":[{"expected":"house","actual":"house","count":26},{"expected":"no-house","actual":"no-house","count":25}],"statsByLabel":{"no-house":{"count":25,"precisionRecall":{"success":{"recall":1,"precision":1}}},"house":{"count":26,"precisionRecall":{"success":{"recall":1,"precision":1}}}},"accuracy":1}},"createdDate":"2022-05-28T20:31:39Z","id":"51c09a26-d6c7-4088-a5de-5c8c76932806","dataURL":"file:\/\/\/Users\/yuriynefedov\/Desktop\/houses\/learning\/","dataSourceID":"87F05A79-0A0E-47BB-81E6-E1D27B4EDAA4","dataResult":{"itemsCount":60,"createdDate":"2022-05-28T20:31:39Z","dataURL":"file:\/\/\/Users\/yuriynefedov\/Desktop\/houses\/learning\/","dataSourceID":"87F05A79-0A0E-47BB-81E6-E1D27B4EDAA4","classesCount":2,"analysis":{"summary":{"sampleCount":60,"classCount":2,"canUseValidation":1},"issues":[{"description":"2 classes found, including no-house, house","severity":"debug"},{"description":"60 images found, automatically creating validation set","severity":"good"},{"description":"Smallest class is \"house\" with 30 images","severity":"debug"},{"description":"Largest class is \"no-house\" with 30 images","severity":"debug"}],"classifierAnalysis":{"labelStats":{"no-house":30,"house":30}}}},"analysedDataType":"none"},"previewType":"imageClassifier","modifiedDate":"2022-05-28T20:40:46Z","validationEvaluationEntity":{"result":{"imageClassifier":{"confusionMatrix":[{"expected":"house","actual":"house","count":4},{"expected":"no-house","actual":"no-house","count":5}],"statsByLabel":{"no-house":{"count":5,"precisionRecall":{"success":{"recall":1,"precision":1}}},"house":{"count":4,"precisionRecall":{"success":{"recall":1,"precision":1}}}},"accuracy":1}},"id":"ebc84018-79fc-4f6a-9b5e-cb19063ff3e0","createdDate":"2022-05-28T20:31:39Z","dataResult":{"createdDate":"2022-05-28T20:31:39Z"},"analysedDataType":"auto"},"evaluationEntities":[{"result":{"imageClassifier":{"statsByLabel":{"no-house":{"count":5,"precisionRecall":{"success":{"recall":1,"precision":1}}},"house":{"count":5,"precisionRecall":{"success":{"recall":1,"precision":1}}}},"accuracy":1}},"createdDate":"2022-05-28T20:40:14Z","id":"8becc14b-47ea-4e06-b34e-b2defbef42d6","dataURL":"file:\/\/\/Users\/yuriynefedov\/Desktop\/houses\/testing\/","dataSourceID":"630DF279-6735-4A21-A6F7-23088CD60327","dataResult":{"itemsCount":10,"createdDate":"2022-05-28T20:40:14Z","dataURL":"file:\/\/\/Users\/yuriynefedov\/Desktop\/houses\/testing\/","dataSourceID":"630DF279-6735-4A21-A6F7-23088CD60327","classesCount":2,"analysis":{"summary":{"sampleCount":10,"classCount":2,"canUseValidation":0},"issues":[{"description":"2 classes found, including house, no-house","severity":"debug"},{"description":"Less than 50 total images found - add more to improve model validation","severity":"warning"},{"description":"Smallest class is \"no-house\" with 5 images","severity":"debug"},{"description":"Largest class is \"house\" with 5 images","severity":"debug"}],"classifierAnalysis":{"labelStats":{"no-house":5,"house":5}}}},"analysedDataType":"none","accuracy":1,"startTime":"2022-05-28T20:40:46Z","finishTime":"2022-05-28T20:40:46Z"}]},"evaluationEntities":[],"activityEntities":["trainingFinished",[{"id":"08ACCAD6-0EAB-45AB-81DD-F56F511063B2","title":"Training Completed","createdDate":"2022-05-28T20:40:44Z","event":"trainingFinished","subtitle":"Model converged at 10 iterations"}],"experimentCreated",[{"id":"CE3BBCD5-1CC7-4FE2-819B-06A68757F441","title":"Model Source Created","createdDate":"2022-05-28T20:31:39Z","event":"experimentCreated","subtitle":"House Detector"}],"trainingStarted",[{"id":"52DDDD57-CB11-4009-8837-05B51950CE86","title":"Training Started","createdDate":"2022-05-28T20:40:43Z","event":"trainingStarted","subtitle":"25 iterations"}],"evaluationStarted",[{"id":"95E229D0-59B1-4B59-90BD-F7A36F15AA8B","title":"Testing Started","createdDate":"2022-05-28T20:40:46Z","event":"evaluationStarted","subtitle":"House Detector"}],"trainingDataAdded",[{"id":"CF09A8BF-93D4-402F-85DB-5526F4AA544A","title":"Training Data Added","createdDate":"2022-05-28T20:40:02Z","event":"trainingDataAdded","subtitle":"learning"}],"evaluationFinished",[{"id":"FFAEA9E1-D487-4091-90AD-754D11F8F442","title":"Testing Completed","createdDate":"2022-05-28T20:40:46Z","event":"evaluationFinished","subtitle":"House Detector"}]],"title":"ShipDetector 1","evaluationEntity":{"id":"51f24479-7b24-4690-8317-9423fd2b5c4b","createdDate":"2022-05-28T20:31:39Z","dataResult":{"createdDate":"2022-05-28T20:31:39Z"},"analysedDataType":"none"},"evaluationState":"evaluated","snapshotRole":{"withoutSnapshots":0},"modifiedDate":"2022-05-28T20:40:46Z","contentDataResult":{"createdDate":"2022-05-28T20:31:39Z"},"preferredFilename":"House Detector"}