{"id":"084CD66A-3510-4C4B-B0ED-F473D13622B7","validationEntity":{"analysedDataType":"auto","dataResult":{"createdDate":"2022-05-28T19:57:47Z"}},"modelEntity":{"createdDate":"2022-05-28T19:57:47Z","id":"0C3C37F3-5E7C-4A7B-A089-FB6FB7983215","experimentID":"084CD66A-3510-4C4B-B0ED-F473D13622B7","title":"","modifiedDate":"2022-05-28T19:57:47Z","preferredFilename":"","version":"1.0","modelURL":"Models\/PlaneDetector.mlmodel"},"version":"1.0","settingEntity":{"taskType":"imageClassifier","augmentations":[],"styleTransferAlgorithmType":"image","iterationCount":45,"transferLearningEmbeddingType":"dynamic","harVideoAugmentations":0,"handPoseClassifierAugmentations":[],"algorithmType":"maxEnt","handActionClassifierAugmentations":[],"seedType":"default","featureNames":[]},"state":"trained","trainingEntity":{"finishTime":"2022-05-28T20:27:40Z","recipeTrainingResults":{"imageClassifier":{"confusionMatrix":[{"expected":"house","actual":"house","count":26},{"expected":"no-house","actual":"no-house","count":25}],"statsByLabel":{"no-house":{"count":25,"precisionRecall":{"success":{"recall":1,"precision":1}}},"house":{"count":26,"precisionRecall":{"success":{"recall":1,"precision":1}}}},"accuracy":1}},"dataResult":{"itemsCount":60,"createdDate":"2022-05-28T19:57:47Z","dataURL":"file:\/\/\/Users\/yuriynefedov\/Desktop\/houses\/learning\/","dataSourceID":"87F05A79-0A0E-47BB-81E6-E1D27B4EDAA4","classesCount":2,"analysis":{"summary":{"sampleCount":60,"classCount":2,"canUseValidation":1},"issues":[{"description":"2 classes found, including no-house, house","severity":"debug"},{"description":"60 images found, automatically creating validation set","severity":"good"},{"description":"Smallest class is \"house\" with 30 images","severity":"debug"},{"description":"Largest class is \"no-house\" with 30 images","severity":"debug"}],"classifierAnalysis":{"labelStats":{"no-house":30,"house":30}}}},"dataURL":"file:\/\/\/Users\/yuriynefedov\/Desktop\/houses\/learning\/","featureExtractionCheckpointMayBeAvailable":false,"recipeValidationResults":{"imageClassifier":{"confusionMatrix":[{"expected":"house","actual":"house","count":4},{"expected":"house","actual":"no-house","count":1},{"expected":"no-house","actual":"no-house","count":4}],"statsByLabel":{"no-house":{"count":5,"precisionRecall":{"success":{"recall":0.80000000000000004,"precision":1}}},"house":{"count":4,"precisionRecall":{"success":{"recall":1,"precision":0.80000000000000004}}}},"accuracy":0.88888888888888884}},"progress":[{"currentRowIndex":0,"tableIndex":0,"count":0,"isLast":false,"percentComplete":0,"tableDone":false},{"icTrainingColumnHeader":{"hasValidation":true,"elapsedTime":1.04752,"trainingAccuracy":0.92156899999999997,"iterationCount":1,"validationAccuracy":0.88888900000000004},"isLast":false,"currentRowIndex":0,"count":1,"tableDone":false,"tableIndex":6,"percentComplete":0},{"icTrainingColumnHeader":{"hasValidation":true,"elapsedTime":1.070791,"trainingAccuracy":0.96078399999999997,"iterationCount":2,"validationAccuracy":0.88888900000000004},"isLast":false,"currentRowIndex":0,"count":2,"tableDone":false,"tableIndex":6,"percentComplete":0},{"icTrainingColumnHeader":{"hasValidation":true,"elapsedTime":1.099871,"trainingAccuracy":0.98039200000000004,"iterationCount":3,"validationAccuracy":0.88888900000000004},"isLast":false,"currentRowIndex":0,"count":3,"tableDone":false,"tableIndex":6,"percentComplete":0},{"icTrainingColumnHeader":{"hasValidation":true,"elapsedTime":1.111192,"trainingAccuracy":0.98039200000000004,"iterationCount":4,"validationAccuracy":0.77777799999999997},"isLast":false,"currentRowIndex":0,"count":4,"tableDone":false,"tableIndex":6,"percentComplete":0},{"icTrainingColumnHeader":{"hasValidation":true,"elapsedTime":1.146131,"trainingAccuracy":1,"iterationCount":5,"validationAccuracy":0.77777799999999997},"isLast":false,"currentRowIndex":0,"count":5,"tableDone":false,"tableIndex":6,"percentComplete":0},{"icTrainingColumnHeader":{"hasValidation":true,"elapsedTime":1.2512129999999999,"trainingAccuracy":1,"iterationCount":10,"validationAccuracy":0.88888900000000004},"isLast":false,"currentRowIndex":0,"count":10,"tableDone":false,"tableIndex":6,"percentComplete":0},{"icTrainingColumnHeader":{"hasValidation":true,"elapsedTime":1.280054,"trainingAccuracy":1,"iterationCount":12,"validationAccuracy":0.88888900000000004},"isLast":false,"currentRowIndex":0,"count":12,"tableDone":true,"tableIndex":6,"percentComplete":0},{"currentRowIndex":0,"tableIndex":0,"count":20,"isLast":false,"percentComplete":0,"tableDone":false},{"currentRowIndex":0,"tableIndex":0,"count":30,"isLast":false,"percentComplete":0,"tableDone":false},{"currentRowIndex":0,"tableIndex":0,"count":40,"isLast":false,"percentComplete":0,"tableDone":false},{"currentRowIndex":0,"tableIndex":0,"count":50,"isLast":false,"percentComplete":0,"tableDone":false},{"currentRowIndex":0,"tableIndex":0,"count":60,"isLast":false,"percentComplete":0,"tableDone":true}],"trainingAccuracy":1,"checkpointMetrics":{},"analysedDataType":"none","dataSourceID":"87F05A79-0A0E-47BB-81E6-E1D27B4EDAA4","snapshottableCheckpoints":{},"validationAccuracy":0.88888888888888884,"startTime":"2022-05-28T20:27:36Z"},"createdDate":"2022-05-28T19:57:47Z","evaluationContainerEntity":{"testingEvaluationEntity":{"result":{"imageClassifier":{"statsByLabel":{"no-house":{"count":5,"precisionRecall":{"success":{"recall":1,"precision":1}}},"house":{"count":5,"precisionRecall":{"success":{"recall":1,"precision":1}}}},"accuracy":1}},"createdDate":"2022-05-28T20:27:19Z","id":"1f120008-6524-4085-a07d-44279af32973","dataURL":"file:\/\/\/Users\/yuriynefedov\/Desktop\/houses\/testing\/","dataSourceID":"630DF279-6735-4A21-A6F7-23088CD60327","dataResult":{"itemsCount":10,"createdDate":"2022-05-28T20:27:19Z","dataURL":"file:\/\/\/Users\/yuriynefedov\/Desktop\/houses\/testing\/","dataSourceID":"630DF279-6735-4A21-A6F7-23088CD60327","classesCount":2,"analysis":{"summary":{"sampleCount":10,"classCount":2,"canUseValidation":0},"issues":[{"description":"2 classes found, including house, no-house","severity":"debug"},{"description":"Less than 50 total images found - add more to improve model validation","severity":"warning"},{"description":"Smallest class is \"no-house\" with 5 images","severity":"debug"},{"description":"Largest class is \"house\" with 5 images","severity":"debug"}],"classifierAnalysis":{"labelStats":{"no-house":5,"house":5}}}},"analysedDataType":"none","accuracy":1,"startTime":"2022-05-28T20:27:42Z","finishTime":"2022-05-28T20:27:42Z"},"createdDate":"2022-05-28T20:31:26Z","id":"ac98ead2-d234-4770-9e2b-350e2a324a69","trainingEvaluationEntity":{"result":{"imageClassifier":{"confusionMatrix":[{"expected":"house","actual":"house","count":26},{"expected":"no-house","actual":"no-house","count":25}],"statsByLabel":{"no-house":{"count":25,"precisionRecall":{"success":{"recall":1,"precision":1}}},"house":{"count":26,"precisionRecall":{"success":{"recall":1,"precision":1}}}},"accuracy":1}},"createdDate":"2022-05-28T19:57:47Z","id":"9613cb99-c43b-4d11-a375-1f47fa2f5698","dataURL":"file:\/\/\/Users\/yuriynefedov\/Desktop\/houses\/learning\/","dataSourceID":"87F05A79-0A0E-47BB-81E6-E1D27B4EDAA4","dataResult":{"itemsCount":60,"createdDate":"2022-05-28T19:57:47Z","dataURL":"file:\/\/\/Users\/yuriynefedov\/Desktop\/houses\/learning\/","dataSourceID":"87F05A79-0A0E-47BB-81E6-E1D27B4EDAA4","classesCount":2,"analysis":{"summary":{"sampleCount":60,"classCount":2,"canUseValidation":1},"issues":[{"description":"2 classes found, including no-house, house","severity":"debug"},{"description":"60 images found, automatically creating validation set","severity":"good"},{"description":"Smallest class is \"house\" with 30 images","severity":"debug"},{"description":"Largest class is \"no-house\" with 30 images","severity":"debug"}],"classifierAnalysis":{"labelStats":{"no-house":30,"house":30}}}},"analysedDataType":"none"},"previewType":"imageClassifier","modifiedDate":"2022-05-28T20:31:26Z","validationEvaluationEntity":{"result":{"imageClassifier":{"confusionMatrix":[{"expected":"house","actual":"house","count":4},{"expected":"house","actual":"no-house","count":1},{"expected":"no-house","actual":"no-house","count":4}],"statsByLabel":{"no-house":{"count":5,"precisionRecall":{"success":{"recall":0.80000000000000004,"precision":1}}},"house":{"count":4,"precisionRecall":{"success":{"recall":1,"precision":0.80000000000000004}}}},"accuracy":0.88888888888888884}},"id":"189317bd-8d9b-43ba-8bf9-2a6739e85d26","createdDate":"2022-05-28T19:57:47Z","dataResult":{"createdDate":"2022-05-28T19:57:47Z"},"analysedDataType":"auto"},"evaluationEntities":[{"result":{"imageClassifier":{"statsByLabel":{"no-house":{"count":5,"precisionRecall":{"success":{"recall":1,"precision":1}}},"house":{"count":5,"precisionRecall":{"success":{"recall":1,"precision":1}}}},"accuracy":1}},"createdDate":"2022-05-28T20:27:19Z","id":"1f120008-6524-4085-a07d-44279af32973","dataURL":"file:\/\/\/Users\/yuriynefedov\/Desktop\/houses\/testing\/","dataSourceID":"630DF279-6735-4A21-A6F7-23088CD60327","dataResult":{"itemsCount":10,"createdDate":"2022-05-28T20:27:19Z","dataURL":"file:\/\/\/Users\/yuriynefedov\/Desktop\/houses\/testing\/","dataSourceID":"630DF279-6735-4A21-A6F7-23088CD60327","classesCount":2,"analysis":{"summary":{"sampleCount":10,"classCount":2,"canUseValidation":0},"issues":[{"description":"2 classes found, including house, no-house","severity":"debug"},{"description":"Less than 50 total images found - add more to improve model validation","severity":"warning"},{"description":"Smallest class is \"no-house\" with 5 images","severity":"debug"},{"description":"Largest class is \"house\" with 5 images","severity":"debug"}],"classifierAnalysis":{"labelStats":{"no-house":5,"house":5}}}},"analysedDataType":"none","accuracy":1,"startTime":"2022-05-28T20:27:42Z","finishTime":"2022-05-28T20:27:42Z"}]},"evaluationEntities":[],"activityEntities":["experimentCreated",[{"id":"DED7C805-B0FB-4EC4-8425-D4806B56BBE0","title":"Model Source Created","createdDate":"2022-05-28T19:57:47Z","event":"experimentCreated","subtitle":"PlaneDetector"}],"trainingFinished",[{"id":"BE8924BC-56DF-4189-B48B-000D7F8735D4","title":"Training Completed","createdDate":"2022-05-28T20:27:40Z","event":"trainingFinished","subtitle":"Model converged at 12 iterations"}],"trainingStarted",[{"id":"F4080369-DC20-44B6-85B5-130EC97AAF9C","title":"Training Started","createdDate":"2022-05-28T20:27:36Z","event":"trainingStarted","subtitle":"45 iterations"}],"trainingDataAdded",[{"id":"C08269D2-02B5-4180-B1FF-49BE5FA76151","title":"Training Data Added","createdDate":"2022-05-28T20:27:11Z","event":"trainingDataAdded","subtitle":"learning"}],"evaluationStarted",[{"id":"1E42CB55-9950-40AE-A027-BDCB705C0F60","title":"Testing Started","createdDate":"2022-05-28T20:27:42Z","event":"evaluationStarted","subtitle":"PlaneDetector"}],"evaluationFinished",[{"id":"A97F964D-FAB9-4B7B-86D8-42EA49B8734D","title":"Testing Completed","createdDate":"2022-05-28T20:27:42Z","event":"evaluationFinished","subtitle":"PlaneDetector"}]],"title":"ShipDetector 1","evaluationEntity":{"id":"60e3fc12-e440-4539-81bd-0cf7496e2a62","createdDate":"2022-05-28T19:57:47Z","dataResult":{"createdDate":"2022-05-28T19:57:47Z"},"analysedDataType":"none"},"evaluationState":"evaluated","snapshotRole":{"withoutSnapshots":0},"modifiedDate":"2022-05-28T20:31:26Z","contentDataResult":{"createdDate":"2022-05-28T19:57:47Z"},"preferredFilename":"PlaneDetector"}