{"id":"984B3789-4C18-4C94-8B43-11FC99D6DCFE","validationEntity":{"analysedDataType":"auto","dataResult":{"createdDate":"2022-05-13T18:06:04Z"}},"modelEntity":{"createdDate":"2022-05-13T18:06:04Z","id":"2DF9E8B1-CC76-476F-8484-BAA1404588CB","experimentID":"984B3789-4C18-4C94-8B43-11FC99D6DCFE","title":"","modifiedDate":"2022-05-13T18:06:04Z","preferredFilename":"","version":"1.0","modelURL":"Models\/ShipDetector-Grayscaled.mlmodel"},"version":"1.0","settingEntity":{"taskType":"imageClassifier","augmentations":[],"styleTransferAlgorithmType":"image","iterationCount":25,"transferLearningEmbeddingType":"dynamic","harVideoAugmentations":0,"handPoseClassifierAugmentations":[],"algorithmType":"maxEnt","handActionClassifierAugmentations":[],"seedType":"default","featureNames":[]},"state":"trained","trainingEntity":{"finishTime":"2022-05-13T18:08:39Z","recipeTrainingResults":{"imageClassifier":{"confusionMatrix":[{"expected":"no-ship-grayscaled","actual":"no-ship-grayscaled","count":468},{"expected":"ship-grayscaled","actual":"ship-grayscaled","count":467}],"statsByLabel":{"no-ship-grayscaled":{"count":468,"precisionRecall":{"success":{"recall":1,"precision":1}}},"ship-grayscaled":{"count":467,"precisionRecall":{"success":{"recall":1,"precision":1}}}},"accuracy":1}},"dataResult":{"itemsCount":1000,"createdDate":"2022-05-13T18:06:04Z","dataURL":"file:\/\/\/Users\/yuriynefedov\/Desktop\/ships\/training-grayscaled\/","dataSourceID":"DEFCECED-32F9-4D56-BF1C-93F908F4B539","classesCount":2,"analysis":{"summary":{"sampleCount":1000,"classCount":2,"canUseValidation":1},"issues":[{"description":"2 classes found, including no-ship-grayscaled, ship-grayscaled","severity":"debug"},{"description":"1000 images found, automatically creating validation set","severity":"good"},{"description":"Smallest class is \"ship-grayscaled\" with 500 images","severity":"debug"},{"description":"Largest class is \"no-ship-grayscaled\" with 500 images","severity":"debug"}],"classifierAnalysis":{"labelStats":{"no-ship-grayscaled":500,"ship-grayscaled":500}}}},"dataURL":"file:\/\/\/Users\/yuriynefedov\/Desktop\/ships\/training-grayscaled\/","featureExtractionCheckpointMayBeAvailable":false,"recipeValidationResults":{"imageClassifier":{"confusionMatrix":[{"expected":"no-ship-grayscaled","actual":"no-ship-grayscaled","count":32},{"expected":"ship-grayscaled","actual":"ship-grayscaled","count":33}],"statsByLabel":{"no-ship-grayscaled":{"count":32,"precisionRecall":{"success":{"recall":1,"precision":1}}},"ship-grayscaled":{"count":33,"precisionRecall":{"success":{"recall":1,"precision":1}}}},"accuracy":1}},"progress":[{"currentRowIndex":0,"tableIndex":0,"count":0,"isLast":false,"percentComplete":0,"tableDone":false},{"icTrainingColumnHeader":{"hasValidation":true,"elapsedTime":0.042928000000000008,"trainingAccuracy":0.77967900000000001,"iterationCount":1,"validationAccuracy":0.769231},"isLast":false,"currentRowIndex":0,"count":1,"tableDone":false,"tableIndex":100,"percentComplete":0},{"icTrainingColumnHeader":{"hasValidation":true,"elapsedTime":0.09560600000000001,"trainingAccuracy":0.83101599999999998,"iterationCount":2,"validationAccuracy":0.81538500000000003},"isLast":false,"currentRowIndex":0,"count":2,"tableDone":false,"tableIndex":100,"percentComplete":0},{"icTrainingColumnHeader":{"hasValidation":true,"elapsedTime":0.15037800000000001,"trainingAccuracy":0.84171099999999999,"iterationCount":3,"validationAccuracy":0.81538500000000003},"isLast":false,"currentRowIndex":0,"count":3,"tableDone":false,"tableIndex":100,"percentComplete":0},{"icTrainingColumnHeader":{"hasValidation":true,"elapsedTime":0.25432100000000002,"trainingAccuracy":0.92941200000000002,"iterationCount":4,"validationAccuracy":0.93846200000000002},"isLast":false,"currentRowIndex":0,"count":4,"tableDone":false,"tableIndex":100,"percentComplete":0},{"icTrainingColumnHeader":{"hasValidation":true,"elapsedTime":0.29358299999999998,"trainingAccuracy":0.94652400000000003,"iterationCount":5,"validationAccuracy":0.93846200000000002},"isLast":false,"currentRowIndex":0,"count":5,"tableDone":false,"tableIndex":100,"percentComplete":0},{"icTrainingColumnHeader":{"hasValidation":true,"elapsedTime":0.47417199999999998,"trainingAccuracy":0.995722,"iterationCount":10,"validationAccuracy":1},"isLast":false,"currentRowIndex":0,"count":10,"tableDone":false,"tableIndex":100,"percentComplete":0},{"currentRowIndex":0,"tableIndex":0,"count":20,"isLast":false,"percentComplete":0,"tableDone":false},{"icTrainingColumnHeader":{"hasValidation":true,"elapsedTime":0.93549899999999997,"trainingAccuracy":1,"iterationCount":25,"validationAccuracy":1},"isLast":false,"currentRowIndex":0,"count":25,"tableDone":true,"tableIndex":100,"percentComplete":0},{"currentRowIndex":0,"tableIndex":0,"count":30,"isLast":false,"percentComplete":0,"tableDone":false},{"currentRowIndex":0,"tableIndex":0,"count":40,"isLast":false,"percentComplete":0,"tableDone":false},{"currentRowIndex":0,"tableIndex":0,"count":50,"isLast":false,"percentComplete":0,"tableDone":false},{"currentRowIndex":0,"tableIndex":0,"count":60,"isLast":false,"percentComplete":0,"tableDone":false},{"currentRowIndex":0,"tableIndex":0,"count":70,"isLast":false,"percentComplete":0,"tableDone":false},{"currentRowIndex":0,"tableIndex":0,"count":80,"isLast":false,"percentComplete":0,"tableDone":false},{"currentRowIndex":0,"tableIndex":0,"count":90,"isLast":false,"percentComplete":0,"tableDone":false},{"currentRowIndex":0,"tableIndex":0,"count":100,"isLast":false,"percentComplete":0,"tableDone":false},{"currentRowIndex":0,"tableIndex":0,"count":110,"isLast":false,"percentComplete":0,"tableDone":false},{"currentRowIndex":0,"tableIndex":0,"count":120,"isLast":false,"percentComplete":0,"tableDone":false},{"currentRowIndex":0,"tableIndex":0,"count":130,"isLast":false,"percentComplete":0,"tableDone":false},{"currentRowIndex":0,"tableIndex":0,"count":140,"isLast":false,"percentComplete":0,"tableDone":false},{"currentRowIndex":0,"tableIndex":0,"count":150,"isLast":false,"percentComplete":0,"tableDone":false},{"currentRowIndex":0,"tableIndex":0,"count":160,"isLast":false,"percentComplete":0,"tableDone":false},{"currentRowIndex":0,"tableIndex":0,"count":170,"isLast":false,"percentComplete":0,"tableDone":false},{"currentRowIndex":0,"tableIndex":0,"count":180,"isLast":false,"percentComplete":0,"tableDone":false},{"currentRowIndex":0,"tableIndex":0,"count":190,"isLast":false,"percentComplete":0,"tableDone":false},{"currentRowIndex":0,"tableIndex":0,"count":200,"isLast":false,"percentComplete":0,"tableDone":false},{"currentRowIndex":0,"tableIndex":0,"count":210,"isLast":false,"percentComplete":0,"tableDone":false},{"currentRowIndex":0,"tableIndex":0,"count":220,"isLast":false,"percentComplete":0,"tableDone":false},{"currentRowIndex":0,"tableIndex":0,"count":230,"isLast":false,"percentComplete":0,"tableDone":false},{"currentRowIndex":0,"tableIndex":0,"count":240,"isLast":false,"percentComplete":0,"tableDone":false},{"currentRowIndex":0,"tableIndex":0,"count":250,"isLast":false,"percentComplete":0,"tableDone":false},{"currentRowIndex":0,"tableIndex":0,"count":260,"isLast":false,"percentComplete":0,"tableDone":false},{"currentRowIndex":0,"tableIndex":0,"count":270,"isLast":false,"percentComplete":0,"tableDone":false},{"currentRowIndex":0,"tableIndex":0,"count":280,"isLast":false,"percentComplete":0,"tableDone":false},{"currentRowIndex":0,"tableIndex":0,"count":290,"isLast":false,"percentComplete":0,"tableDone":false},{"currentRowIndex":0,"tableIndex":0,"count":300,"isLast":false,"percentComplete":0,"tableDone":false},{"currentRowIndex":0,"tableIndex":0,"count":310,"isLast":false,"percentComplete":0,"tableDone":false},{"currentRowIndex":0,"tableIndex":0,"count":320,"isLast":false,"percentComplete":0,"tableDone":false},{"currentRowIndex":0,"tableIndex":0,"count":330,"isLast":false,"percentComplete":0,"tableDone":false},{"currentRowIndex":0,"tableIndex":0,"count":340,"isLast":false,"percentComplete":0,"tableDone":false},{"currentRowIndex":0,"tableIndex":0,"count":350,"isLast":false,"percentComplete":0,"tableDone":false},{"currentRowIndex":0,"tableIndex":0,"count":360,"isLast":false,"percentComplete":0,"tableDone":false},{"currentRowIndex":0,"tableIndex":0,"count":370,"isLast":false,"percentComplete":0,"tableDone":false},{"currentRowIndex":0,"tableIndex":0,"count":380,"isLast":false,"percentComplete":0,"tableDone":false},{"currentRowIndex":0,"tableIndex":0,"count":390,"isLast":false,"percentComplete":0,"tableDone":false},{"currentRowIndex":0,"tableIndex":0,"count":400,"isLast":false,"percentComplete":0,"tableDone":false},{"currentRowIndex":0,"tableIndex":0,"count":410,"isLast":false,"percentComplete":0,"tableDone":false},{"currentRowIndex":0,"tableIndex":0,"count":420,"isLast":false,"percentComplete":0,"tableDone":false},{"currentRowIndex":0,"tableIndex":0,"count":430,"isLast":false,"percentComplete":0,"tableDone":false},{"currentRowIndex":0,"tableIndex":0,"count":440,"isLast":false,"percentComplete":0,"tableDone":false},{"currentRowIndex":0,"tableIndex":0,"count":450,"isLast":false,"percentComplete":0,"tableDone":false},{"currentRowIndex":0,"tableIndex":0,"count":460,"isLast":false,"percentComplete":0,"tableDone":false},{"currentRowIndex":0,"tableIndex":0,"count":470,"isLast":false,"percentComplete":0,"tableDone":false},{"currentRowIndex":0,"tableIndex":0,"count":480,"isLast":false,"percentComplete":0,"tableDone":false},{"currentRowIndex":0,"tableIndex":0,"count":490,"isLast":false,"percentComplete":0,"tableDone":false},{"currentRowIndex":0,"tableIndex":0,"count":500,"isLast":false,"percentComplete":0,"tableDone":false},{"currentRowIndex":0,"tableIndex":0,"count":510,"isLast":false,"percentComplete":0,"tableDone":false},{"currentRowIndex":0,"tableIndex":0,"count":520,"isLast":false,"percentComplete":0,"tableDone":false},{"currentRowIndex":0,"tableIndex":0,"count":530,"isLast":false,"percentComplete":0,"tableDone":false},{"currentRowIndex":0,"tableIndex":0,"count":540,"isLast":false,"percentComplete":0,"tableDone":false},{"currentRowIndex":0,"tableIndex":0,"count":550,"isLast":false,"percentComplete":0,"tableDone":false},{"currentRowIndex":0,"tableIndex":0,"count":560,"isLast":false,"percentComplete":0,"tableDone":false},{"currentRowIndex":0,"tableIndex":0,"count":570,"isLast":false,"percentComplete":0,"tableDone":false},{"currentRowIndex":0,"tableIndex":0,"count":580,"isLast":false,"percentComplete":0,"tableDone":false},{"currentRowIndex":0,"tableIndex":0,"count":590,"isLast":false,"percentComplete":0,"tableDone":false},{"currentRowIndex":0,"tableIndex":0,"count":600,"isLast":false,"percentComplete":0,"tableDone":false},{"currentRowIndex":0,"tableIndex":0,"count":610,"isLast":false,"percentComplete":0,"tableDone":false},{"currentRowIndex":0,"tableIndex":0,"count":620,"isLast":false,"percentComplete":0,"tableDone":false},{"currentRowIndex":0,"tableIndex":0,"count":630,"isLast":false,"percentComplete":0,"tableDone":false},{"currentRowIndex":0,"tableIndex":0,"count":640,"isLast":false,"percentComplete":0,"tableDone":false},{"currentRowIndex":0,"tableIndex":0,"count":650,"isLast":false,"percentComplete":0,"tableDone":false},{"currentRowIndex":0,"tableIndex":0,"count":660,"isLast":false,"percentComplete":0,"tableDone":false},{"currentRowIndex":0,"tableIndex":0,"count":670,"isLast":false,"percentComplete":0,"tableDone":false},{"currentRowIndex":0,"tableIndex":0,"count":680,"isLast":false,"percentComplete":0,"tableDone":false},{"currentRowIndex":0,"tableIndex":0,"count":690,"isLast":false,"percentComplete":0,"tableDone":false},{"currentRowIndex":0,"tableIndex":0,"count":700,"isLast":false,"percentComplete":0,"tableDone":false},{"currentRowIndex":0,"tableIndex":0,"count":710,"isLast":false,"percentComplete":0,"tableDone":false},{"currentRowIndex":0,"tableIndex":0,"count":720,"isLast":false,"percentComplete":0,"tableDone":false},{"currentRowIndex":0,"tableIndex":0,"count":730,"isLast":false,"percentComplete":0,"tableDone":false},{"currentRowIndex":0,"tableIndex":0,"count":740,"isLast":false,"percentComplete":0,"tableDone":false},{"currentRowIndex":0,"tableIndex":0,"count":750,"isLast":false,"percentComplete":0,"tableDone":false},{"currentRowIndex":0,"tableIndex":0,"count":760,"isLast":false,"percentComplete":0,"tableDone":false},{"currentRowIndex":0,"tableIndex":0,"count":770,"isLast":false,"percentComplete":0,"tableDone":false},{"currentRowIndex":0,"tableIndex":0,"count":780,"isLast":false,"percentComplete":0,"tableDone":false},{"currentRowIndex":0,"tableIndex":0,"count":790,"isLast":false,"percentComplete":0,"tableDone":false},{"currentRowIndex":0,"tableIndex":0,"count":800,"isLast":false,"percentComplete":0,"tableDone":false},{"currentRowIndex":0,"tableIndex":0,"count":810,"isLast":false,"percentComplete":0,"tableDone":false},{"currentRowIndex":0,"tableIndex":0,"count":820,"isLast":false,"percentComplete":0,"tableDone":false},{"currentRowIndex":0,"tableIndex":0,"count":830,"isLast":false,"percentComplete":0,"tableDone":false},{"currentRowIndex":0,"tableIndex":0,"count":840,"isLast":false,"percentComplete":0,"tableDone":false},{"currentRowIndex":0,"tableIndex":0,"count":850,"isLast":false,"percentComplete":0,"tableDone":false},{"currentRowIndex":0,"tableIndex":0,"count":860,"isLast":false,"percentComplete":0,"tableDone":false},{"currentRowIndex":0,"tableIndex":0,"count":870,"isLast":false,"percentComplete":0,"tableDone":false},{"currentRowIndex":0,"tableIndex":0,"count":880,"isLast":false,"percentComplete":0,"tableDone":false},{"currentRowIndex":0,"tableIndex":0,"count":890,"isLast":false,"percentComplete":0,"tableDone":false},{"currentRowIndex":0,"tableIndex":0,"count":900,"isLast":false,"percentComplete":0,"tableDone":false},{"currentRowIndex":0,"tableIndex":0,"count":910,"isLast":false,"percentComplete":0,"tableDone":false},{"currentRowIndex":0,"tableIndex":0,"count":920,"isLast":false,"percentComplete":0,"tableDone":false},{"currentRowIndex":0,"tableIndex":0,"count":930,"isLast":false,"percentComplete":0,"tableDone":false},{"currentRowIndex":0,"tableIndex":0,"count":940,"isLast":false,"percentComplete":0,"tableDone":false},{"currentRowIndex":0,"tableIndex":0,"count":950,"isLast":false,"percentComplete":0,"tableDone":false},{"currentRowIndex":0,"tableIndex":0,"count":960,"isLast":false,"percentComplete":0,"tableDone":false},{"currentRowIndex":0,"tableIndex":0,"count":970,"isLast":false,"percentComplete":0,"tableDone":false},{"currentRowIndex":0,"tableIndex":0,"count":980,"isLast":false,"percentComplete":0,"tableDone":false},{"currentRowIndex":0,"tableIndex":0,"count":990,"isLast":false,"percentComplete":0,"tableDone":false},{"currentRowIndex":0,"tableIndex":0,"count":1000,"isLast":false,"percentComplete":0,"tableDone":true}],"trainingAccuracy":1,"checkpointMetrics":{},"analysedDataType":"none","dataSourceID":"DEFCECED-32F9-4D56-BF1C-93F908F4B539","snapshottableCheckpoints":{},"validationAccuracy":1,"startTime":"2022-05-13T18:08:27Z"},"createdDate":"2022-05-13T18:06:04Z","evaluationContainerEntity":{"testingEvaluationEntity":{"result":{"imageClassifier":{"statsByLabel":{"no-ship-grayscaled":{"count":100,"precisionRecall":{"success":{"recall":0.97999999999999998,"precision":0.92452830188679247}}},"ship-grayscaled":{"count":100,"precisionRecall":{"success":{"recall":0.92000000000000004,"precision":0.97872340425531912}}}},"accuracy":0.94999999999999996}},"createdDate":"2022-05-13T18:08:08Z","id":"85e87065-031c-45dd-87a3-536573158388","dataURL":"file:\/\/\/Users\/yuriynefedov\/Desktop\/ships\/testing-grayscaled\/","dataSourceID":"CFAEB294-DE6F-4F60-8486-D35A107D4B67","dataResult":{"itemsCount":200,"createdDate":"2022-05-13T18:08:08Z","dataURL":"file:\/\/\/Users\/yuriynefedov\/Desktop\/ships\/testing-grayscaled\/","dataSourceID":"CFAEB294-DE6F-4F60-8486-D35A107D4B67","classesCount":2,"analysis":{"summary":{"sampleCount":200,"classCount":2,"canUseValidation":1},"issues":[{"description":"2 classes found, including ship-grayscaled, no-ship-grayscaled","severity":"debug"},{"description":"200 images found, automatically creating validation set","severity":"good"},{"description":"Smallest class is \"no-ship-grayscaled\" with 100 images","severity":"debug"},{"description":"Largest class is \"ship-grayscaled\" with 100 images","severity":"debug"}],"classifierAnalysis":{"labelStats":{"no-ship-grayscaled":100,"ship-grayscaled":100}}}},"analysedDataType":"none","accuracy":0.94999999999999996,"startTime":"2022-05-13T18:08:41Z","finishTime":"2022-05-13T18:08:42Z"},"createdDate":"2022-05-28T19:57:24Z","id":"7a11c0e4-1e46-4cbb-be24-99896a9622ec","trainingEvaluationEntity":{"result":{"imageClassifier":{"confusionMatrix":[{"expected":"no-ship-grayscaled","actual":"no-ship-grayscaled","count":468},{"expected":"ship-grayscaled","actual":"ship-grayscaled","count":467}],"statsByLabel":{"no-ship-grayscaled":{"count":468,"precisionRecall":{"success":{"recall":1,"precision":1}}},"ship-grayscaled":{"count":467,"precisionRecall":{"success":{"recall":1,"precision":1}}}},"accuracy":1}},"createdDate":"2022-05-13T18:06:04Z","id":"4962bdc0-8c02-4c68-8414-9deaf1ab98d2","dataURL":"file:\/\/\/Users\/yuriynefedov\/Desktop\/ships\/training-grayscaled\/","dataSourceID":"DEFCECED-32F9-4D56-BF1C-93F908F4B539","dataResult":{"itemsCount":1000,"createdDate":"2022-05-13T18:06:04Z","dataURL":"file:\/\/\/Users\/yuriynefedov\/Desktop\/ships\/training-grayscaled\/","dataSourceID":"DEFCECED-32F9-4D56-BF1C-93F908F4B539","classesCount":2,"analysis":{"summary":{"sampleCount":1000,"classCount":2,"canUseValidation":1},"issues":[{"description":"2 classes found, including no-ship-grayscaled, ship-grayscaled","severity":"debug"},{"description":"1000 images found, automatically creating validation set","severity":"good"},{"description":"Smallest class is \"ship-grayscaled\" with 500 images","severity":"debug"},{"description":"Largest class is \"no-ship-grayscaled\" with 500 images","severity":"debug"}],"classifierAnalysis":{"labelStats":{"no-ship-grayscaled":500,"ship-grayscaled":500}}}},"analysedDataType":"none"},"previewType":"imageClassifier","modifiedDate":"2022-05-28T19:57:24Z","validationEvaluationEntity":{"result":{"imageClassifier":{"confusionMatrix":[{"expected":"no-ship-grayscaled","actual":"no-ship-grayscaled","count":32},{"expected":"ship-grayscaled","actual":"ship-grayscaled","count":33}],"statsByLabel":{"no-ship-grayscaled":{"count":32,"precisionRecall":{"success":{"recall":1,"precision":1}}},"ship-grayscaled":{"count":33,"precisionRecall":{"success":{"recall":1,"precision":1}}}},"accuracy":1}},"id":"b35f2724-9887-4db6-b90c-392b98e039e2","createdDate":"2022-05-13T18:06:04Z","dataResult":{"createdDate":"2022-05-13T18:06:04Z"},"analysedDataType":"auto"},"evaluationEntities":[{"result":{"imageClassifier":{"statsByLabel":{"no-ship-grayscaled":{"count":100,"precisionRecall":{"success":{"recall":0.97999999999999998,"precision":0.92452830188679247}}},"ship-grayscaled":{"count":100,"precisionRecall":{"success":{"recall":0.92000000000000004,"precision":0.97872340425531912}}}},"accuracy":0.94999999999999996}},"createdDate":"2022-05-13T18:08:08Z","id":"85e87065-031c-45dd-87a3-536573158388","dataURL":"file:\/\/\/Users\/yuriynefedov\/Desktop\/ships\/testing-grayscaled\/","dataSourceID":"CFAEB294-DE6F-4F60-8486-D35A107D4B67","dataResult":{"itemsCount":200,"createdDate":"2022-05-13T18:08:08Z","dataURL":"file:\/\/\/Users\/yuriynefedov\/Desktop\/ships\/testing-grayscaled\/","dataSourceID":"CFAEB294-DE6F-4F60-8486-D35A107D4B67","classesCount":2,"analysis":{"summary":{"sampleCount":200,"classCount":2,"canUseValidation":1},"issues":[{"description":"2 classes found, including ship-grayscaled, no-ship-grayscaled","severity":"debug"},{"description":"200 images found, automatically creating validation set","severity":"good"},{"description":"Smallest class is \"no-ship-grayscaled\" with 100 images","severity":"debug"},{"description":"Largest class is \"ship-grayscaled\" with 100 images","severity":"debug"}],"classifierAnalysis":{"labelStats":{"no-ship-grayscaled":100,"ship-grayscaled":100}}}},"analysedDataType":"none","accuracy":0.94999999999999996,"startTime":"2022-05-13T18:08:41Z","finishTime":"2022-05-13T18:08:42Z"}]},"evaluationEntities":[],"activityEntities":["experimentCreated",[{"id":"38436A22-C364-4CA3-AFAF-9A3C503A81BF","title":"Model Source Created","createdDate":"2022-05-13T18:06:04Z","event":"experimentCreated","subtitle":"ShipDetector-Grayscaled"}],"trainingFinished",[{"id":"9FD9BDF3-67F2-4FB4-A17C-E936E707ADE8","title":"Training Completed","createdDate":"2022-05-13T18:08:39Z","event":"trainingFinished","subtitle":"25 iterations"}],"evaluationStarted",[{"id":"D29A7768-5606-40D5-BFA6-6F3F1568603E","title":"Testing Started","createdDate":"2022-05-13T18:08:41Z","event":"evaluationStarted","subtitle":"ShipDetector-Grayscaled"}],"trainingStarted",[{"id":"B1EAA5F4-3930-4B48-9DD6-AC16461668B2","title":"Training Started","createdDate":"2022-05-13T18:08:27Z","event":"trainingStarted","subtitle":"25 iterations"}],"evaluationFinished",[{"id":"EBD76724-A963-4B86-A731-1FC61FF5EC63","title":"Testing Completed","createdDate":"2022-05-13T18:08:42Z","event":"evaluationFinished","subtitle":"ShipDetector-Grayscaled"}],"trainingDataAdded",[{"id":"9FB8CCE6-5D84-4DBC-9965-D5F6E6470AA9","title":"Training Data Added","createdDate":"2022-05-13T18:08:01Z","event":"trainingDataAdded","subtitle":"training-grayscaled"}]],"title":"ShipDetector 2","evaluationEntity":{"id":"aa11b817-fc9f-404d-9c69-fda5c9b47309","createdDate":"2022-05-13T18:06:04Z","dataResult":{"createdDate":"2022-05-13T18:06:04Z"},"analysedDataType":"none"},"evaluationState":"evaluated","snapshotRole":{"withoutSnapshots":0},"modifiedDate":"2022-05-28T19:57:24Z","contentDataResult":{"createdDate":"2022-05-13T18:06:04Z"},"preferredFilename":"ShipDetector-Grayscaled"}