{"id":"AEDF168D-F8CF-4353-B026-0483597D3C7F","validationEntity":{"analysedDataType":"auto","dataResult":{"createdDate":"2022-05-13T17:06:21Z"}},"modelEntity":{"createdDate":"2022-05-13T17:06:21Z","id":"A1270220-B264-4FA5-BB1E-AC31DEE302A5","experimentID":"B5240E63-6262-4481-9738-FD861E05512F","title":"","modifiedDate":"2022-05-13T17:06:21Z","preferredFilename":"","version":"1.0","modelURL":"Models\/ShipDetector.mlmodel\/"},"version":"1.0","settingEntity":{"taskType":"imageClassifier","augmentations":[],"styleTransferAlgorithmType":"image","iterationCount":25,"transferLearningEmbeddingType":"dynamic","harVideoAugmentations":0,"handPoseClassifierAugmentations":[],"algorithmType":"maxEnt","handActionClassifierAugmentations":[],"seedType":"default","featureNames":[]},"state":"trained","trainingEntity":{"finishTime":"2022-05-13T17:07:01Z","recipeTrainingResults":{"imageClassifier":{"confusionMatrix":[{"expected":"no-ship","actual":"no-ship","count":468},{"expected":"ship","actual":"ship","count":467}],"statsByLabel":{"no-ship":{"count":468,"precisionRecall":{"success":{"recall":1,"precision":1}}},"ship":{"count":467,"precisionRecall":{"success":{"recall":1,"precision":1}}}},"accuracy":1}},"dataResult":{"itemsCount":1000,"createdDate":"2022-05-13T17:06:21Z","dataURL":"file:\/\/\/Users\/yuriynefedov\/Desktop\/ships\/training\/","dataSourceID":"4152A7B2-F6D2-4ED7-BD00-3ED4FAE413B9","classesCount":2,"analysis":{"summary":{"sampleCount":1000,"classCount":2,"canUseValidation":1},"issues":[{"description":"2 classes found, including ship, no-ship","severity":"debug"},{"description":"1000 images found, automatically creating validation set","severity":"good"},{"description":"Smallest class is \"no-ship\" with 500 images","severity":"debug"},{"description":"Largest class is \"ship\" with 500 images","severity":"debug"}],"classifierAnalysis":{"labelStats":{"no-ship":500,"ship":500}}}},"dataURL":"file:\/\/\/Users\/yuriynefedov\/Desktop\/ships\/training\/","featureExtractionCheckpointMayBeAvailable":false,"recipeValidationResults":{"imageClassifier":{"confusionMatrix":[{"expected":"no-ship","actual":"no-ship","count":32},{"expected":"ship","actual":"ship","count":33}],"statsByLabel":{"no-ship":{"count":32,"precisionRecall":{"success":{"recall":1,"precision":1}}},"ship":{"count":33,"precisionRecall":{"success":{"recall":1,"precision":1}}}},"accuracy":1}},"progress":[{"currentRowIndex":0,"tableIndex":0,"count":0,"isLast":false,"percentComplete":0,"tableDone":false},{"icTrainingColumnHeader":{"hasValidation":true,"elapsedTime":0.042247,"trainingAccuracy":0.79358300000000004,"iterationCount":1,"validationAccuracy":0.78461499999999995},"isLast":false,"currentRowIndex":0,"count":1,"tableDone":false,"tableIndex":100,"percentComplete":0},{"icTrainingColumnHeader":{"hasValidation":true,"elapsedTime":0.094140000000000001,"trainingAccuracy":0.842781,"iterationCount":2,"validationAccuracy":0.83076899999999998},"isLast":false,"currentRowIndex":0,"count":2,"tableDone":false,"tableIndex":100,"percentComplete":0},{"icTrainingColumnHeader":{"hasValidation":true,"elapsedTime":0.156443,"trainingAccuracy":0.86417100000000002,"iterationCount":3,"validationAccuracy":0.90769200000000005},"isLast":false,"currentRowIndex":0,"count":3,"tableDone":false,"tableIndex":100,"percentComplete":0},{"icTrainingColumnHeader":{"hasValidation":true,"elapsedTime":0.259467,"trainingAccuracy":0.914439,"iterationCount":4,"validationAccuracy":0.92307700000000004},"isLast":false,"currentRowIndex":0,"count":4,"tableDone":false,"tableIndex":100,"percentComplete":0},{"icTrainingColumnHeader":{"hasValidation":true,"elapsedTime":0.28615800000000002,"trainingAccuracy":0.83529399999999998,"iterationCount":5,"validationAccuracy":0.87692300000000001},"isLast":false,"currentRowIndex":0,"count":5,"tableDone":false,"tableIndex":100,"percentComplete":0},{"icTrainingColumnHeader":{"hasValidation":true,"elapsedTime":0.43286000000000002,"trainingAccuracy":0.99679099999999998,"iterationCount":10,"validationAccuracy":1},"isLast":false,"currentRowIndex":0,"count":10,"tableDone":false,"tableIndex":100,"percentComplete":0},{"currentRowIndex":0,"tableIndex":0,"count":20,"isLast":false,"percentComplete":0,"tableDone":false},{"icTrainingColumnHeader":{"hasValidation":true,"elapsedTime":0.89358000000000004,"trainingAccuracy":1,"iterationCount":25,"validationAccuracy":1},"isLast":false,"currentRowIndex":0,"count":25,"tableDone":true,"tableIndex":100,"percentComplete":0},{"currentRowIndex":0,"tableIndex":0,"count":30,"isLast":false,"percentComplete":0,"tableDone":false},{"currentRowIndex":0,"tableIndex":0,"count":40,"isLast":false,"percentComplete":0,"tableDone":false},{"currentRowIndex":0,"tableIndex":0,"count":50,"isLast":false,"percentComplete":0,"tableDone":false},{"currentRowIndex":0,"tableIndex":0,"count":60,"isLast":false,"percentComplete":0,"tableDone":false},{"currentRowIndex":0,"tableIndex":0,"count":70,"isLast":false,"percentComplete":0,"tableDone":false},{"currentRowIndex":0,"tableIndex":0,"count":80,"isLast":false,"percentComplete":0,"tableDone":false},{"currentRowIndex":0,"tableIndex":0,"count":90,"isLast":false,"percentComplete":0,"tableDone":false},{"currentRowIndex":0,"tableIndex":0,"count":100,"isLast":false,"percentComplete":0,"tableDone":false},{"currentRowIndex":0,"tableIndex":0,"count":110,"isLast":false,"percentComplete":0,"tableDone":false},{"currentRowIndex":0,"tableIndex":0,"count":120,"isLast":false,"percentComplete":0,"tableDone":false},{"currentRowIndex":0,"tableIndex":0,"count":130,"isLast":false,"percentComplete":0,"tableDone":false},{"currentRowIndex":0,"tableIndex":0,"count":140,"isLast":false,"percentComplete":0,"tableDone":false},{"currentRowIndex":0,"tableIndex":0,"count":150,"isLast":false,"percentComplete":0,"tableDone":false},{"currentRowIndex":0,"tableIndex":0,"count":160,"isLast":false,"percentComplete":0,"tableDone":false},{"currentRowIndex":0,"tableIndex":0,"count":170,"isLast":false,"percentComplete":0,"tableDone":false},{"currentRowIndex":0,"tableIndex":0,"count":180,"isLast":false,"percentComplete":0,"tableDone":false},{"currentRowIndex":0,"tableIndex":0,"count":190,"isLast":false,"percentComplete":0,"tableDone":false},{"currentRowIndex":0,"tableIndex":0,"count":200,"isLast":false,"percentComplete":0,"tableDone":false},{"currentRowIndex":0,"tableIndex":0,"count":210,"isLast":false,"percentComplete":0,"tableDone":false},{"currentRowIndex":0,"tableIndex":0,"count":220,"isLast":false,"percentComplete":0,"tableDone":false},{"currentRowIndex":0,"tableIndex":0,"count":230,"isLast":false,"percentComplete":0,"tableDone":false},{"currentRowIndex":0,"tableIndex":0,"count":240,"isLast":false,"percentComplete":0,"tableDone":false},{"currentRowIndex":0,"tableIndex":0,"count":250,"isLast":false,"percentComplete":0,"tableDone":false},{"currentRowIndex":0,"tableIndex":0,"count":260,"isLast":false,"percentComplete":0,"tableDone":false},{"currentRowIndex":0,"tableIndex":0,"count":270,"isLast":false,"percentComplete":0,"tableDone":false},{"currentRowIndex":0,"tableIndex":0,"count":280,"isLast":false,"percentComplete":0,"tableDone":false},{"currentRowIndex":0,"tableIndex":0,"count":290,"isLast":false,"percentComplete":0,"tableDone":false},{"currentRowIndex":0,"tableIndex":0,"count":300,"isLast":false,"percentComplete":0,"tableDone":false},{"currentRowIndex":0,"tableIndex":0,"count":310,"isLast":false,"percentComplete":0,"tableDone":false},{"currentRowIndex":0,"tableIndex":0,"count":320,"isLast":false,"percentComplete":0,"tableDone":false},{"currentRowIndex":0,"tableIndex":0,"count":330,"isLast":false,"percentComplete":0,"tableDone":false},{"currentRowIndex":0,"tableIndex":0,"count":340,"isLast":false,"percentComplete":0,"tableDone":false},{"currentRowIndex":0,"tableIndex":0,"count":350,"isLast":false,"percentComplete":0,"tableDone":false},{"currentRowIndex":0,"tableIndex":0,"count":360,"isLast":false,"percentComplete":0,"tableDone":false},{"currentRowIndex":0,"tableIndex":0,"count":370,"isLast":false,"percentComplete":0,"tableDone":false},{"currentRowIndex":0,"tableIndex":0,"count":380,"isLast":false,"percentComplete":0,"tableDone":false},{"currentRowIndex":0,"tableIndex":0,"count":390,"isLast":false,"percentComplete":0,"tableDone":false},{"currentRowIndex":0,"tableIndex":0,"count":400,"isLast":false,"percentComplete":0,"tableDone":false},{"currentRowIndex":0,"tableIndex":0,"count":410,"isLast":false,"percentComplete":0,"tableDone":false},{"currentRowIndex":0,"tableIndex":0,"count":420,"isLast":false,"percentComplete":0,"tableDone":false},{"currentRowIndex":0,"tableIndex":0,"count":430,"isLast":false,"percentComplete":0,"tableDone":false},{"currentRowIndex":0,"tableIndex":0,"count":440,"isLast":false,"percentComplete":0,"tableDone":false},{"currentRowIndex":0,"tableIndex":0,"count":450,"isLast":false,"percentComplete":0,"tableDone":false},{"currentRowIndex":0,"tableIndex":0,"count":460,"isLast":false,"percentComplete":0,"tableDone":false},{"currentRowIndex":0,"tableIndex":0,"count":470,"isLast":false,"percentComplete":0,"tableDone":false},{"currentRowIndex":0,"tableIndex":0,"count":480,"isLast":false,"percentComplete":0,"tableDone":false},{"currentRowIndex":0,"tableIndex":0,"count":490,"isLast":false,"percentComplete":0,"tableDone":false},{"currentRowIndex":0,"tableIndex":0,"count":500,"isLast":false,"percentComplete":0,"tableDone":false},{"currentRowIndex":0,"tableIndex":0,"count":510,"isLast":false,"percentComplete":0,"tableDone":false},{"currentRowIndex":0,"tableIndex":0,"count":520,"isLast":false,"percentComplete":0,"tableDone":false},{"currentRowIndex":0,"tableIndex":0,"count":530,"isLast":false,"percentComplete":0,"tableDone":false},{"currentRowIndex":0,"tableIndex":0,"count":540,"isLast":false,"percentComplete":0,"tableDone":false},{"currentRowIndex":0,"tableIndex":0,"count":550,"isLast":false,"percentComplete":0,"tableDone":false},{"currentRowIndex":0,"tableIndex":0,"count":560,"isLast":false,"percentComplete":0,"tableDone":false},{"currentRowIndex":0,"tableIndex":0,"count":570,"isLast":false,"percentComplete":0,"tableDone":false},{"currentRowIndex":0,"tableIndex":0,"count":580,"isLast":false,"percentComplete":0,"tableDone":false},{"currentRowIndex":0,"tableIndex":0,"count":590,"isLast":false,"percentComplete":0,"tableDone":false},{"currentRowIndex":0,"tableIndex":0,"count":600,"isLast":false,"percentComplete":0,"tableDone":false},{"currentRowIndex":0,"tableIndex":0,"count":610,"isLast":false,"percentComplete":0,"tableDone":false},{"currentRowIndex":0,"tableIndex":0,"count":620,"isLast":false,"percentComplete":0,"tableDone":false},{"currentRowIndex":0,"tableIndex":0,"count":630,"isLast":false,"percentComplete":0,"tableDone":false},{"currentRowIndex":0,"tableIndex":0,"count":640,"isLast":false,"percentComplete":0,"tableDone":false},{"currentRowIndex":0,"tableIndex":0,"count":650,"isLast":false,"percentComplete":0,"tableDone":false},{"currentRowIndex":0,"tableIndex":0,"count":660,"isLast":false,"percentComplete":0,"tableDone":false},{"currentRowIndex":0,"tableIndex":0,"count":670,"isLast":false,"percentComplete":0,"tableDone":false},{"currentRowIndex":0,"tableIndex":0,"count":680,"isLast":false,"percentComplete":0,"tableDone":false},{"currentRowIndex":0,"tableIndex":0,"count":690,"isLast":false,"percentComplete":0,"tableDone":false},{"currentRowIndex":0,"tableIndex":0,"count":700,"isLast":false,"percentComplete":0,"tableDone":false},{"currentRowIndex":0,"tableIndex":0,"count":710,"isLast":false,"percentComplete":0,"tableDone":false},{"currentRowIndex":0,"tableIndex":0,"count":720,"isLast":false,"percentComplete":0,"tableDone":false},{"currentRowIndex":0,"tableIndex":0,"count":730,"isLast":false,"percentComplete":0,"tableDone":false},{"currentRowIndex":0,"tableIndex":0,"count":740,"isLast":false,"percentComplete":0,"tableDone":false},{"currentRowIndex":0,"tableIndex":0,"count":750,"isLast":false,"percentComplete":0,"tableDone":false},{"currentRowIndex":0,"tableIndex":0,"count":760,"isLast":false,"percentComplete":0,"tableDone":false},{"currentRowIndex":0,"tableIndex":0,"count":770,"isLast":false,"percentComplete":0,"tableDone":false},{"currentRowIndex":0,"tableIndex":0,"count":780,"isLast":false,"percentComplete":0,"tableDone":false},{"currentRowIndex":0,"tableIndex":0,"count":790,"isLast":false,"percentComplete":0,"tableDone":false},{"currentRowIndex":0,"tableIndex":0,"count":800,"isLast":false,"percentComplete":0,"tableDone":false},{"currentRowIndex":0,"tableIndex":0,"count":810,"isLast":false,"percentComplete":0,"tableDone":false},{"currentRowIndex":0,"tableIndex":0,"count":820,"isLast":false,"percentComplete":0,"tableDone":false},{"currentRowIndex":0,"tableIndex":0,"count":830,"isLast":false,"percentComplete":0,"tableDone":false},{"currentRowIndex":0,"tableIndex":0,"count":840,"isLast":false,"percentComplete":0,"tableDone":false},{"currentRowIndex":0,"tableIndex":0,"count":850,"isLast":false,"percentComplete":0,"tableDone":false},{"currentRowIndex":0,"tableIndex":0,"count":860,"isLast":false,"percentComplete":0,"tableDone":false},{"currentRowIndex":0,"tableIndex":0,"count":870,"isLast":false,"percentComplete":0,"tableDone":false},{"currentRowIndex":0,"tableIndex":0,"count":880,"isLast":false,"percentComplete":0,"tableDone":false},{"currentRowIndex":0,"tableIndex":0,"count":890,"isLast":false,"percentComplete":0,"tableDone":false},{"currentRowIndex":0,"tableIndex":0,"count":900,"isLast":false,"percentComplete":0,"tableDone":false},{"currentRowIndex":0,"tableIndex":0,"count":910,"isLast":false,"percentComplete":0,"tableDone":false},{"currentRowIndex":0,"tableIndex":0,"count":920,"isLast":false,"percentComplete":0,"tableDone":false},{"currentRowIndex":0,"tableIndex":0,"count":930,"isLast":false,"percentComplete":0,"tableDone":false},{"currentRowIndex":0,"tableIndex":0,"count":940,"isLast":false,"percentComplete":0,"tableDone":false},{"currentRowIndex":0,"tableIndex":0,"count":950,"isLast":false,"percentComplete":0,"tableDone":false},{"currentRowIndex":0,"tableIndex":0,"count":960,"isLast":false,"percentComplete":0,"tableDone":false},{"currentRowIndex":0,"tableIndex":0,"count":970,"isLast":false,"percentComplete":0,"tableDone":false},{"currentRowIndex":0,"tableIndex":0,"count":980,"isLast":false,"percentComplete":0,"tableDone":false},{"currentRowIndex":0,"tableIndex":0,"count":990,"isLast":false,"percentComplete":0,"tableDone":false},{"currentRowIndex":0,"tableIndex":0,"count":1000,"isLast":false,"percentComplete":0,"tableDone":true}],"trainingAccuracy":1,"checkpointMetrics":{},"analysedDataType":"none","dataSourceID":"4152A7B2-F6D2-4ED7-BD00-3ED4FAE413B9","snapshottableCheckpoints":{},"validationAccuracy":1,"startTime":"2022-05-13T17:06:49Z"},"createdDate":"2022-05-13T17:06:21Z","evaluationContainerEntity":{"testingEvaluationEntity":{"result":{"imageClassifier":{"statsByLabel":{"no-ship":{"count":100,"precisionRecall":{"success":{"recall":1,"precision":0.92592592592592593}}},"ship":{"count":100,"precisionRecall":{"success":{"recall":0.92000000000000004,"precision":1}}}},"accuracy":0.95999999999999996}},"createdDate":"2022-05-13T17:06:21Z","id":"0826037c-11d4-42e3-bdfb-0482f3b0b3c4","dataURL":"file:\/\/\/Users\/yuriynefedov\/Desktop\/ships\/testing\/","dataSourceID":"6F548649-38BD-45FE-866E-6A34167069A0","dataResult":{"itemsCount":200,"createdDate":"2022-05-13T17:06:21Z","dataURL":"file:\/\/\/Users\/yuriynefedov\/Desktop\/ships\/testing\/","dataSourceID":"6F548649-38BD-45FE-866E-6A34167069A0","classesCount":2,"analysis":{"summary":{"sampleCount":200,"classCount":2,"canUseValidation":1},"issues":[{"description":"2 classes found, including no-ship, ship","severity":"debug"},{"description":"200 images found, automatically creating validation set","severity":"good"},{"description":"Smallest class is \"ship\" with 100 images","severity":"debug"},{"description":"Largest class is \"no-ship\" with 100 images","severity":"debug"}],"classifierAnalysis":{"labelStats":{"no-ship":100,"ship":100}}}},"analysedDataType":"none","accuracy":0.95999999999999996,"startTime":"2022-05-13T17:07:03Z","finishTime":"2022-05-13T17:07:04Z"},"createdDate":"2022-05-28T21:01:32Z","id":"b13014c9-cf3e-4e28-a222-ba66c766ce5f","trainingEvaluationEntity":{"result":{"imageClassifier":{"confusionMatrix":[{"expected":"no-ship","actual":"no-ship","count":468},{"expected":"ship","actual":"ship","count":467}],"statsByLabel":{"no-ship":{"count":468,"precisionRecall":{"success":{"recall":1,"precision":1}}},"ship":{"count":467,"precisionRecall":{"success":{"recall":1,"precision":1}}}},"accuracy":1}},"createdDate":"2022-05-13T17:06:21Z","id":"2e874e7e-0c35-4a0c-a43d-58913a753a5f","dataURL":"file:\/\/\/Users\/yuriynefedov\/Desktop\/ships\/training\/","dataSourceID":"4152A7B2-F6D2-4ED7-BD00-3ED4FAE413B9","dataResult":{"itemsCount":1000,"createdDate":"2022-05-13T17:06:21Z","dataURL":"file:\/\/\/Users\/yuriynefedov\/Desktop\/ships\/training\/","dataSourceID":"4152A7B2-F6D2-4ED7-BD00-3ED4FAE413B9","classesCount":2,"analysis":{"summary":{"sampleCount":1000,"classCount":2,"canUseValidation":1},"issues":[{"description":"2 classes found, including ship, no-ship","severity":"debug"},{"description":"1000 images found, automatically creating validation set","severity":"good"},{"description":"Smallest class is \"no-ship\" with 500 images","severity":"debug"},{"description":"Largest class is \"ship\" with 500 images","severity":"debug"}],"classifierAnalysis":{"labelStats":{"no-ship":500,"ship":500}}}},"analysedDataType":"none"},"previewType":"imageClassifier","modifiedDate":"2022-05-28T21:01:32Z","validationEvaluationEntity":{"result":{"imageClassifier":{"confusionMatrix":[{"expected":"no-ship","actual":"no-ship","count":32},{"expected":"ship","actual":"ship","count":33}],"statsByLabel":{"no-ship":{"count":32,"precisionRecall":{"success":{"recall":1,"precision":1}}},"ship":{"count":33,"precisionRecall":{"success":{"recall":1,"precision":1}}}},"accuracy":1}},"id":"66469bf7-d72b-48f3-99c0-3334f78481ef","createdDate":"2022-05-13T17:06:21Z","dataResult":{"createdDate":"2022-05-13T17:06:21Z"},"analysedDataType":"auto"},"evaluationEntities":[{"result":{"imageClassifier":{"statsByLabel":{"no-ship":{"count":100,"precisionRecall":{"success":{"recall":1,"precision":0.92592592592592593}}},"ship":{"count":100,"precisionRecall":{"success":{"recall":0.92000000000000004,"precision":1}}}},"accuracy":0.95999999999999996}},"createdDate":"2022-05-13T17:06:21Z","id":"0826037c-11d4-42e3-bdfb-0482f3b0b3c4","dataURL":"file:\/\/\/Users\/yuriynefedov\/Desktop\/ships\/testing\/","dataSourceID":"6F548649-38BD-45FE-866E-6A34167069A0","dataResult":{"itemsCount":200,"createdDate":"2022-05-13T17:06:21Z","dataURL":"file:\/\/\/Users\/yuriynefedov\/Desktop\/ships\/testing\/","dataSourceID":"6F548649-38BD-45FE-866E-6A34167069A0","classesCount":2,"analysis":{"summary":{"sampleCount":200,"classCount":2,"canUseValidation":1},"issues":[{"description":"2 classes found, including no-ship, ship","severity":"debug"},{"description":"200 images found, automatically creating validation set","severity":"good"},{"description":"Smallest class is \"ship\" with 100 images","severity":"debug"},{"description":"Largest class is \"no-ship\" with 100 images","severity":"debug"}],"classifierAnalysis":{"labelStats":{"no-ship":100,"ship":100}}}},"analysedDataType":"none","accuracy":0.95999999999999996,"startTime":"2022-05-13T17:07:03Z","finishTime":"2022-05-13T17:07:04Z"}]},"evaluationEntities":[],"activityEntities":["evaluationFinished",[{"id":"178ED924-D4F0-4608-8171-83D311567897","title":"Testing Completed","createdDate":"2022-05-13T17:07:04Z","event":"evaluationFinished","subtitle":"ShipDetector"}],"trainingFinished",[{"id":"2D486FBC-288A-4D84-B9A9-4EEE39AF2022","title":"Training Completed","createdDate":"2022-05-13T17:07:01Z","event":"trainingFinished","subtitle":"25 iterations"}],"evaluationStarted",[{"id":"495EDF85-B698-45DB-B999-A37A9BCB3664","title":"Testing Started","createdDate":"2022-05-13T17:07:03Z","event":"evaluationStarted","subtitle":"ShipDetector"}],"trainingStarted",[{"id":"02311EAC-287B-4F2A-ACC8-D760DB6B8483","title":"Training Started","createdDate":"2022-05-13T17:06:49Z","event":"trainingStarted","subtitle":"25 iterations"}],"experimentCreated",[{"id":"954C6FC1-1F9F-433E-8BB6-4BB6A8C71D49","title":"Model Source Created","createdDate":"2022-05-13T17:06:21Z","event":"experimentCreated","subtitle":"ShipDetector"}]],"title":"ShipDetector 1 copy","evaluationEntity":{"id":"0e97a240-60a3-4e2b-85d0-22c11da88541","createdDate":"2022-05-13T17:06:21Z","dataResult":{"createdDate":"2022-05-13T17:06:21Z"},"analysedDataType":"none"},"evaluationState":"evaluated","snapshotRole":{"withoutSnapshots":0},"modifiedDate":"2022-05-28T21:01:32Z","contentDataResult":{"createdDate":"2022-05-13T16:55:41Z"},"preferredFilename":"ShipDetector"}